,reference,deformed
2.5,7.26335523128018e-201,1.9526019980906346e-162
2.5044088176352703,4.129578134639047e-198,5.061704187407792e-160
2.508817635270541,2.2470224532753775e-195,1.2579218914042738e-157
2.5132264529058115,1.1701524822089023e-192,2.9969843646198643e-155
2.5176352705410823,5.831910173882533e-190,6.845247769579166e-153
2.5220440881763526,2.781714254508908e-187,1.4988831125920898e-150
2.5264529058116234,1.26983568643619e-184,3.1464458800829143e-148
2.5308617234468938,5.547736971904326e-182,6.332084154985831e-146
2.5352705410821645,2.319623601490313e-179,1.221650593158799e-143
2.539679358717435,9.282233695332278e-177,2.2595464352306036e-141
2.5440881763527052,3.5548460755271476e-174,4.006539872960996e-139
2.548496993987976,1.3029340266403945e-171,6.810697877717885e-137
2.5529058116232464,4.570433295498283e-169,1.109909888330479e-134
2.557314629258517,1.5343542744785374e-166,1.7340347514157167e-132
2.5617234468937875,4.929776660028234e-164,2.597178849044408e-130
2.5661322645290583,1.5158707243984158e-161,3.7292364194570225e-128
2.5705410821643286,4.460981394137698e-159,5.133481380542892e-126
2.5749498997995994,1.2564117335777654e-156,6.774513268783834e-124
2.5793587174348698,3.386623216658597e-154,8.570738719477678e-122
2.58376753507014,8.736452210788425e-152,1.0395191305836203e-119
2.588176352705411,2.156933011027748e-149,1.2087063731674215e-117
2.5925851703406813,5.096494229414218e-147,1.3473587852247134e-115
2.596993987975952,1.152496845277974e-144,1.4398586278138132e-113
2.6014028056112224,2.4942574812610986e-142,1.4751311235030245e-111
2.605811623246493,5.1662587347242765e-140,1.4488239314939254e-109
2.6102204408817635,1.0241046865206344e-137,1.3641899439666044e-107
2.614629258517034,1.9428795979412304e-135,1.2314261296192767e-105
2.6190380761523047,3.5276115563992266e-133,1.0656539944479607e-103
2.623446893787575,6.12983750143726e-131,8.840940126562766e-102
2.627855711422846,1.0194137915654679e-128,7.031615487018155e-100
2.632264529058116,1.6225025491411047e-126,5.3614994857501324e-98
2.636673346693387,2.4714601533825863e-124,3.91915082090873e-96
2.6410821643286573,3.6029246733819254e-122,2.746453863113724e-94
2.645490981963928,5.0267825533677646e-120,1.845131563394046e-92
2.6498997995991984,6.7120991922863865e-118,1.1883849722066836e-90
2.6543086172344688,8.577485374607455e-116,7.337731890112946e-89
2.6587174348697395,1.0490470422656878e-113,4.34351677195838e-87
2.66312625250501,1.2279008564349433e-111,2.4648826777730918e-85
2.6675350701402807,1.3755139736765519e-109,1.340992073121922e-83
2.671943887775551,1.4746877815665624e-107,6.994094725886148e-82
2.676352705410822,1.5131031439716249e-105,3.497134191719023e-80
2.680761523046092,1.485834260409528e-103,1.676365575169096e-78
2.685170340681363,1.396386341624918e-101,7.70372899234349e-77
2.6895791583166333,1.25595538917065e-99,3.3939800061765575e-75
2.6939879759519036,1.0811258245965888e-97,1.433487125942072e-73
2.6983967935871744,8.906594589557563e-96,5.804365918273797e-72
2.702805611222445,7.022318998096296e-94,2.253162409688865e-70
2.7072144288577156,5.2988650783456746e-92,8.385080224714447e-69
2.711623246492986,3.8266489288473165e-90,2.991570696386623e-67
2.7160320641282567,2.6447696034710917e-88,1.0232199184266707e-65
2.720440881763527,1.7494057581419254e-86,3.3551871170880356e-64
2.7248496993987974,1.1074567096395041e-84,1.0547340479861923e-62
2.729258517034068,6.709597776972679e-83,3.178689473757794e-61
2.7336673346693385,3.8904492667578556e-81,9.18401666640513e-60
2.7380761523046093,2.1589202211941362e-79,2.5438833831971664e-58
2.7424849699398797,1.1465870364087532e-77,6.755263907937004e-57
2.7468937875751505,5.827886517286891e-76,1.7197633961713565e-55
2.751302605210421,2.8349722094173805e-74,4.1973683352874343e-54
2.7557114228456916,1.319836771254659e-72,9.821284217427158e-53
2.760120240480962,5.880650679970228e-71,2.2031455678289056e-51
2.7645290581162323,2.5076350336653004e-69,4.738084653288877e-50
2.768937875751503,1.0233804469934089e-67,9.76895798050194e-49
2.7733466933867734,3.997088825378608e-66,1.9309929021899008e-47
2.777755511022044,1.4941164487257297e-64,3.659328981171296e-46
2.7821643286573146,5.345140547272458e-63,6.648321986611096e-45
2.7865731462925853,1.8300709462821765e-61,1.158014689776851e-43
2.7909819639278557,5.996680731514616e-60,1.9337900380564746e-42
2.7953907815631265,1.8805644882650045e-58,3.0959916024123815e-41
2.799799599198397,5.644168193896225e-57,4.752122437219595e-40
2.804208416833667,1.6212358486041354e-55,6.993189201590437e-39
2.808617234468938,4.456840791026136e-54,9.866552160806772e-38
2.8130260521042083,1.172581031586903e-52,1.334630330757513e-36
2.817434869739479,2.952525103262052e-51,1.7308732655859602e-35
2.8218436873747494,7.115075456205209e-50,2.152196262123002e-34
2.8262525050100202,1.6409706235367805e-48,2.5657527518604017e-33
2.8306613226452906,3.6220773339624387e-47,2.932705788599328e-32
2.8350701402805614,7.651569079611025e-46,3.2140147400297676e-31
2.8394789579158317,1.5469612912948687e-44,3.3772122049258985e-30
2.843887775551102,2.9932629205518736e-43,3.4025615345731163e-29
2.848296593186373,5.543028527604695e-42,3.286983083090589e-28
2.852705410821643,9.823959939336456e-41,3.0446699064274914e-27
2.857114228456914,1.66634034427452e-39,2.704222744639285e-26
2.8615230460921843,2.70507292774901e-38,2.3031029470905307e-25
2.865931863727455,4.20274391458678e-37,1.8808884373061477e-24
2.8703406813627255,6.249224953525512e-36,1.4730001674767052e-23
2.8747494989979963,8.89322611605743e-35,1.1062293153968814e-22
2.8791583166332666,1.2112483466105768e-33,7.967169763076003e-22
2.883567134268537,1.5788779816991517e-32,5.502943017285112e-21
2.8879759519038077,1.969728468194642e-31,3.6453164599995567e-20
2.892384769539078,2.351839027493511e-30,2.3160286129800244e-19
2.896793587174349,2.687530428981282e-29,1.4113750289197131e-18
2.901202404809619,2.9393073905584675e-28,8.250011523965038e-18
2.90561122244489,3.0766906707098524e-27,4.626012550910959e-17
2.9100200400801604,3.082275260521991e-26,2.488448913943965e-16
2.914428857715431,2.955353810582929e-25,1.284260912824801e-15
2.9188376753507015,2.712063939357096e-24,6.359414787071108e-15
2.923246492985972,2.382017049627079e-23,3.0217698238971017e-14
2.9276553106212426,2.002380722466807e-22,1.3779443747874074e-13
2.932064128256513,1.611045852899071e-21,6.030858275210519e-13
2.9364729458917838,1.2405991979338312e-20,2.533732014181403e-12
2.940881763527054,9.143672212866113e-20,1.0219743052051508e-11
2.945290581162325,6.450285212498527e-19,3.958111639446444e-11
2.9496993987975952,4.35522151803521e-18,1.4722587219820495e-10
2.954108216432866,2.8146151021831605e-17,5.260374991627504e-10
2.9585170340681364,1.741045232396454e-16,1.805861135265565e-09
2.9629258517034067,1.0308339987388428e-15,5.957950873802218e-09
2.9673346693386775,5.841992406834288e-15,1.8896292324710087e-08
2.971743486973948,3.169081317645268e-14,5.763138946364787e-08
2.9761523046092186,1.645557942061841e-13,1.690809680849971e-07
2.980561122244489,8.179154226419193e-13,4.773638692522593e-07
2.9849699398797593,3.8915973284508596e-12,1.2974965770633217e-06
2.98937875751503,1.7724804388708467e-11,3.3967590541701763e-06
2.993787575150301,7.728226417976823e-11,8.56924830176369e-06
2.9981963927855713,3.22578135515055e-10,2.0843719806088988e-05
3.0026052104208416,1.2890203893017672e-09,4.891182186808092e-05
3.0070140280561124,4.931383545146763e-09,0.00011079623260589363
3.0114228456913827,1.8062492913696973e-08,0.00024243048461465114
3.0158316633266535,6.334375735396725e-08,0.0005127284514466556
3.020240480961924,2.1269934027945113e-07,0.001048856040807335
3.0246492985971942,6.838886810111116e-07,0.0020766370573336084
3.029058116232465,2.1056410228093664e-06,0.003981994921144821
3.033466933867736,6.208514108699333e-06,0.007399456452328215
3.037875751503006,1.75316364850327e-05,0.013332138146406726
3.0422845691382765,4.741525945789658e-05,0.023303201465176497
3.0466933867735473,0.0001228306511511436,0.03953045706974731
3.0511022044088176,0.00030480579417755066,0.06510315127103063
3.0555110220440884,0.0007246119770584463,0.10412385711248924
3.0599198396793588,0.0016504220155116414,0.1617618492394507
3.064328657314629,0.003601943456922799,0.24415297931343016
3.0687374749499,0.007533219362970734,0.3580825162591843
3.0731462925851707,0.015100126076271902,0.5104092618170227
3.077555110220441,0.029013289950143663,0.7072355462284075
3.0819639278557114,0.053443763171703004,0.9528950036315079
3.086372745490982,0.09439663770363955,1.248904860581774
3.0907815631262525,0.1599049887614788,1.5930894264557127
3.0951903807615233,0.25984461145079407,1.9791009379639286
3.0995991983967937,0.4051626577366669,2.3965235132168656
3.104008016032064,0.6063865613772927,2.8316423257617016
3.108416833667335,0.8714530363195442,3.268811308066711
3.112825651302605,1.203151339186836,3.6921961397095187
3.117234468937876,1.5967400093121722,4.08755151743176
3.1216432865731463,2.038460740507993,4.443653550415856
3.126052104208417,2.505624619521792,4.753070438572031
3.1304609218436874,2.9686300485281953,5.01210982806486
3.134869739478958,3.394741336750793,5.219993401449868
3.1392785571142285,3.75288078763832,5.37752213237806
3.143687374749499,4.018295459873726,5.4856470745599
3.1480961923847697,4.175942637544475,5.5443996791130274
3.15250501002004,4.22184169343126,5.55253916378807
3.156913827655311,4.162321840849326,5.508057904770434
3.161322645290581,4.011773081571247,5.409405030361797
3.165731462925852,3.789889498698209,5.257028221132781
3.1701402805611223,3.5193241262878656,5.054684163463879
3.174549098196393,3.224215243640098,4.809993371718618
3.1789579158316634,2.929444413897188,4.533925878072476
3.1833667334669338,2.6600534750107596,4.239245251368943
3.1877755511022046,2.4401869663684685,3.9382995434359316
3.192184368737475,2.2912434200762704,3.6407997724314933
3.1965931863727457,2.2294268158210557,3.3522694561113555
3.201002004008016,2.2633162655470755,3.0736545781204976
3.2054108216432864,2.3922033238456644,2.8022133764439214
3.209819639278557,2.6057293395745735,2.533390419461161
3.214228456913828,2.88491418442722,2.26306998399551
3.2186372745490983,3.2042298991745275,1.9895091590092908
3.2230460921843687,3.534147275871012,1.7143960955001427
3.2274549098196395,3.8436538053879112,1.4427965249273784
3.23186372745491,4.102527189456381,1.1821157138333869
3.2362725450901806,4.28345376009661,0.9404825268186104
3.240681362725451,4.3642060726264145,0.7250734795537698
3.2450901803607213,4.329950768414808,0.5408269283044641
3.249498997995992,4.175424673619207,0.38980565003103645
3.253907815631263,3.9063981340904617,0.2712375067112191
3.258316633266533,3.539755631093789,0.18207954499382348
3.2627254509018035,3.1017682799721227,0.11785703045890505
3.2671342685370743,2.6246396319392473,0.07352946627093986
3.2715430861723447,2.1419637448843987,0.04420261514240891
3.2759519038076155,1.6841004982638392,0.025598410121383676
3.280360721442886,1.2744955150279142,0.01427823079617885
3.284769539078156,0.9276556528146005,0.00766943871138287
3.289178356713427,0.648980766598333,0.003966620012822765
3.2935871743486977,0.43615211696124845,0.0019751069219191906
3.297995991983968,0.2814544872416612,0.0009467195398009337
3.3024048096192384,0.17433181446408239,0.00043677855108603734
3.3068136272545092,0.10361033036405945,0.0001939360902661978
3.3112224448897796,0.059070080654146775,8.286295017273275e-05
3.3156312625250504,0.03229734965722888,3.406529733561216e-05
3.3200400801603207,0.016932113052763393,1.3472807531368682e-05
3.324448897795591,0.008509841637052946,5.125554301819983e-06
3.328857715430862,0.004099472424525094,1.8754345393495003e-06
3.3332665330661326,0.001892641281703567,6.599059333428365e-07
3.337675350701403,0.0008373105468190224,2.232654432362062e-07
3.3420841683366733,0.0003549214794722298,7.262073525043128e-08
3.346492985971944,0.00014413179844084998,2.2705975144307965e-08
3.3509018036072145,5.6069627793910425e-05,6.823412068003962e-09
3.3553106212424852,2.089287383098441e-05,1.970551004289299e-09
3.3597194388777556,7.456533951236539e-06,5.468177529299454e-10
3.364128256513026,2.548665544265066e-06,1.4578483060564492e-10
3.3685370741482967,8.342519352420363e-07,3.7337462973441634e-11
3.3729458917835675,2.6149546196974304e-07,9.185230983362362e-12
3.377354709418838,7.848560307637162e-08,2.1702036857065213e-12
3.381763527054108,2.255553997407825e-08,4.924143615275764e-13
3.386172344689379,6.206321463989428e-09,1.0728469156513934e-13
3.3905811623246493,1.6349908403983803e-09,2.2443006796311474e-14
3.39498997995992,4.12363536769255e-10,4.5073607325264026e-15
3.3993987975951905,9.956682782454074e-11,8.690117277623603e-16
3.403807615230461,2.301506110719388e-11,1.6082637998718811e-16
3.4082164328657316,5.0949128459670835e-12,2.856838538099283e-17
3.412625250501002,1.0913853546614073e-12,4.8705875136688826e-18
3.4170340681362728,2.8478071006166965e-13,7.969236069278294e-19
3.421442885771543,3.7195614888597594e-13,1.2513131413106931e-19
3.425851703406814,1.5809059013194533e-12,1.8854078852363863e-20
3.4302605210420842,7.18828449548497e-12,2.725914888296665e-21
3.434669338677355,3.142560815063786e-11,3.7815174427036777e-22
3.4390781563126254,1.3150846888971465e-10,5.033236928112301e-23
3.4434869739478957,5.266961210838075e-10,6.427439809083017e-24
3.4478957915831665,2.0188309665907037e-09,7.874467467918633e-25
3.452304609218437,7.405819461690263e-09,9.255101504176132e-26
3.4567134268537076,2.6000374556671765e-08,1.0435261417754577e-26
3.461122244488978,8.736136450720123e-08,1.1286880770900538e-27
3.4655310621242488,2.809263869166562e-07,1.1710628228213837e-28
3.469939879759519,8.645676457570892e-07,1.1654942104865772e-29
3.47434869739479,2.5464710620197112e-06,1.1126348532410842e-30
3.4787575150300603,7.1781384714473505e-06,1.0188772015010665e-31
3.4831663326653306,1.936503290235207e-05,9.023030004529155e-33
3.4875751503006014,4.9998614180194134e-05,1.6676522587437256e-33
3.4919839679358717,0.0001235466618543919,1.0753740518231276e-32
3.4963927855711425,0.00029217118677088075,1.199630070937429e-31
3.500801603206413,0.0006612673412862868,1.2903054239696347e-30
3.505210420841683,0.0014323530742240036,1.3307010417339874e-29
3.509619238476954,0.002969315978699706,1.3158175521838116e-28
3.514028056112225,0.005891095549827588,1.2474958552013436e-27
3.518436873747495,0.011185851225025878,1.1339972462954381e-26
3.5228456913827655,0.02032709567983854,9.883609251732674e-26
3.5272545090180363,0.035352077823358516,8.259448963689502e-25
3.531663326653307,0.05884206133736944,6.61789421166381e-24
3.5360721442885774,0.0937333486899826,5.0842061780530184e-23
3.5404809619238478,0.14290048663872165,3.745091868385887e-22
3.544889779559118,0.20850026117554923,2.6450826752554178e-21
3.549298597194389,0.2911473352082806,1.791245131889105e-20
3.5537074148296597,0.3890920490370781,1.1630849262594095e-19
3.55811623246493,0.4976513809870963,7.241194457565123e-19
3.5625250501002004,0.6091600189488893,4.322681672454334e-18
3.566933867735471,0.713626370455549,2.4742444664499065e-17
3.571342685370742,0.8000989660064941,1.357939800887721e-16
3.5757515030060123,0.8585188771093241,7.146106419799481e-16
3.5801603206412826,0.8816359871609815,3.60588847639825e-15
3.584569138276553,0.8664870772834113,1.7446652892619983e-14
3.588977955911824,0.815019860051652,8.094175143030265e-14
3.5933867735470946,0.7336815766675311,3.6007910024457157e-13
3.597795591182365,0.6320920917194922,1.5360061896805966e-12
3.6022044088176353,0.5211784162452422,6.2829486512193434e-12
3.606613226452906,0.4112688472160251,2.464429408277132e-11
3.6110220440881764,0.3105979291477711,9.269573477742366e-11
3.615430861723447,0.22449400802922753,3.3435163051189246e-10
3.6198396793587175,0.15529050243566161,1.1565365492433448e-09
3.624248496993988,0.10280665386116526,3.836559859196387e-09
3.6286573146292587,0.0651394473607425,1.2205877197548704e-08
3.6330661322645295,0.03950580996888697,3.72445000675421e-08
3.6374749498998,0.022945133392239345,1.0900545272245564e-07
3.64188376753507,0.01279192881972949,3.0602741779057947e-07
3.646292585170341,0.006917410468036819,8.242131949110632e-07
3.6507014028056113,0.003795161711814488,2.129790810448617e-06
3.655110220440882,0.002466751910708911,5.2809989287089245e-06
3.6595190380761524,0.0024773478263362195,1.2567713393526034e-05
3.6639278557114228,0.0038314369769608236,2.871154367803136e-05
3.6683366733466936,0.00699416764816167,6.298550015038948e-05
3.6727454909819643,0.012938774224915493,0.00013272806644246335
3.6771543086172347,0.02321578966638647,0.0002687914858483316
3.681563126252505,0.03999597095890084,0.0005234050729953022
3.6859719438877754,0.06602035880832358,0.0009806767694017949
3.690380761523046,0.10438688132570062,0.0017694694701238466
3.694789579158317,0.15812512899080866,0.0030777440182637194
3.6991983967935873,0.22956701467565882,0.005166865602513181
3.7036072144288577,0.31960577113156324,0.008384128692956091
3.7080160320641284,0.42702495342151864,0.013172117964171167
3.7124248496993992,0.5481322316111809,0.020074449944750324
3.7168336673346696,0.6769074991819701,0.02973840642662074
3.72124248496994,0.8057508012275946,0.04291499852663723
3.7256513026052103,0.9267156361697398,0.06045508611699263
3.730060120240481,1.032907470565818,0.08329605951614746
3.734468937875752,1.1196107132876174,0.11242850408824556
3.738877755511022,1.1847549723498763,0.14882910889916529
3.7432865731462925,1.2285526798275967,0.19334849853238856
3.7476953907815633,1.2524597559796282,0.24655314811622905
3.752104208416834,1.2578931895325425,0.3085382708927273
3.7565130260521045,1.2452503546035572,0.37874838515208165
3.760921843687375,1.2136518936716427,0.45585579612622806
3.765330661322645,1.161519382531695,0.5377462242309952
3.769739478957916,1.0877382541256577,0.6216414048882819
3.7741482965931867,0.9929078253592739,0.7043541279499862
3.778557114228457,0.8801508557661015,0.7826324285599086
3.7829659318637274,0.755146768235885,0.8535203946529181
3.787374749498998,0.6253674756494588,0.9146548406731468
3.791783567134269,0.4987892951525284,0.9644340018273406
3.7961923847695394,0.38251112545005483,1.0020311731993898
3.8006012024048097,0.28168588371140735,1.0272703560375251
3.80501002004008,0.19900902154467795,1.0404177843536908
3.809418837675351,0.13479369168394212,1.0419614105837176
3.8138276553106216,0.08748630243883836,1.0324459356809363
3.818236472945892,0.05439127426293896,1.0124074492992328
3.8226452905811623,0.03238366787726904,0.9824182429508537
3.827054108216433,0.018460827801961795,0.943219355814872
3.831462925851704,0.010075071422557477,0.8958942249325712
3.8358717434869742,0.005263525448289186,0.8420256928377537
3.8402805611222446,0.0026321363827031953,0.783780926673282
3.844689378757515,0.0012598615921872625,0.7238824629163384
3.8490981963927857,0.0005771725649814886,0.6654457122836364
3.8535070140280565,0.0002530735216521825,0.6116907521947863
3.857915831663327,0.00010620346453547631,0.5655653909276235
3.862324649298597,4.265564114286986e-05,0.5293422160216417
3.866733466933868,1.6396699557105837e-05,0.5042681842116417
3.871142284569139,6.0322037182597145e-06,0.49034495166880754
3.875551102204409,2.1238964013392203e-06,0.486298088029926
3.8799599198396795,7.156935949974648e-07,0.4897555330307732
3.88436873747495,2.3081099134712862e-07,0.49760854922365755
3.8887775551102206,7.123948079240303e-08,0.5064851058615348
3.8931863727454914,2.104357136901488e-08,0.5132396181272285
3.8975951903807617,5.949113632179305e-09,0.5153629401414882
3.902004008016032,1.609603713777981e-09,0.5112424515039796
3.906412825651303,4.1679201139287995e-10,0.5002448390135752
3.9108216432865732,1.0328884252977992e-10,0.48263897826887014
3.915230460921844,2.449745429882752e-11,0.4594087217148376
3.9196392785571144,5.560603955138911e-12,0.43201696710991616
3.9240480961923847,1.2079706813839784e-12,0.40217343373209197
3.9284569138276555,2.511448142037456e-13,0.37163693534052633
3.9328657314629263,4.9971847675970753e-14,0.3420596656101837
3.9372745490981966,9.516121018184457e-15,0.3148654286289146
3.941683366733467,1.7343144848107613e-15,0.29115006624371575
3.9460921843687378,3.025025812050027e-16,0.27159897611957484
3.950501002004008,5.0496776046661126e-17,0.25642791972475537
3.954909819639279,8.06736205424168e-18,0.24536244088690368
3.9593186372745492,1.2334818727355045e-18,0.2376728887224081
3.9637274549098196,1.8049589118004437e-19,0.2322743681675661
3.9681362725450904,2.527756247375515e-20,0.2278858797582124
3.972545090180361,3.3879452832394374e-21,0.2232254882864442
3.9769539078156315,4.345811703160031e-22,0.21720494677502655
3.981362725450902,5.33505307529381e-23,0.2090832647036468
3.9857715430861727,6.2681575644291956e-24,0.19854672626139608
3.990180360721443,7.0481378029733485e-25,0.18570114499528112
3.994589178356714,7.584766046485465e-26,0.1709851291794622
3.998997995991984,7.811659650626785e-27,0.15503327493278518
4.0034068136272545,7.699770088026915e-28,0.13852878603339022
4.007815631262526,7.263493005971541e-29,0.12208281700742674
4.012224448897796,6.55762546481929e-30,0.10616440078541428
4.016633266533066,5.666057990417428e-31,0.09108575612612821
4.021042084168337,4.6854223220026634e-32,0.07703029804732231
4.025450901803607,3.708085932294384e-33,0.06410064381592204
4.029859719438878,2.8085629244990423e-34,0.052363598584015535
4.034268537074149,2.0358784601755884e-35,0.04187678138995658
4.038677354709419,1.4123842213808836e-36,0.0326927648634073
4.043086172344689,9.377502473607932e-38,0.024846441060569723
4.04749498997996,5.958745517238077e-39,0.018336472901615317
4.051903807615231,3.6237298182985945e-40,0.013111400496073638
4.056312625250501,2.1090656655803057e-41,0.009066768836570004
4.060721442885772,1.1747831651328565e-42,0.006054148567401501
4.065130260521042,6.262657853521854e-44,0.0038985239001953814
4.069539078156312,3.195293495300198e-45,0.0024185072563582405
4.073947895791584,1.5901652167386325e-46,0.0014442210775469579
4.078356713426854,7.30221875939011e-47,0.0008295969753985149
4.082765531062124,1.3770123615782395e-45,0.0004581535855793482
4.0871743486973955,2.759492326527755e-44,0.0002431489997275352
4.091583166332666,5.2936627743926756e-43,0.00012396328075065362
4.095991983967936,9.718895040464731e-42,6.0693484852090656e-05
4.1004008016032065,1.7076970700895103e-40,2.8530591369393765e-05
4.104809619238477,2.87169356646536e-39,1.2873838854267872e-05
4.109218436873748,4.62166728956953e-38,5.5751578046729205e-06
4.1136272545090184,7.1185670631782595e-37,2.3168234397222917e-06
4.118036072144289,1.0493486412844818e-35,9.237615425989985e-07
4.122444889779559,1.4804043372475307e-34,3.533543587458263e-07
4.1268537074148295,1.9988224272652442e-33,1.296593416851595e-07
4.131262525050101,2.582863167603251e-32,4.563570215129539e-08
4.135671342685371,3.194198528055718e-31,1.540574784175212e-08
4.140080160320641,3.780556490748147e-30,4.987829389351211e-09
4.144488977955912,4.282357094175829e-29,1.5487034874787583e-09
4.148897795591182,4.64240843820432e-28,4.6114018965866706e-10
4.153306613226453,4.8165617822603654e-27,1.3167047553642626e-10
4.157715430861724,4.782602035945429e-26,3.605118390350268e-11
4.162124248496994,4.54490357886635e-25,9.46483972617143e-12
4.166533066132265,4.133504589842566e-24,2.3826387424348797e-12
4.170941883767536,3.597870230688325e-23,5.751013677671122e-13
4.175350701402806,2.9971321088591373e-22,1.3309544988266214e-13
4.179759519038076,2.3894590845476006e-21,2.953296671100899e-14
4.184168336673347,1.823167753866163e-20,6.283034193102818e-15
4.188577154308618,1.3313338798372292e-19,1.2815764411471951e-15
4.192985971943888,9.304234718714451e-19,2.5062670962845228e-16
4.197394789579159,6.223112500780929e-18,4.6990879808033215e-17
4.201803607214429,3.983528852823358e-17,8.446939580988313e-18
4.206212424849699,2.440403294713944e-16,1.4557321556632089e-18
4.2106212424849705,1.4308317178330306e-15,2.4052319507773193e-19
4.215030060120241,8.028766646634257e-15,3.8099917703480666e-20
4.219438877755511,4.311639408960706e-14,5.786561653915453e-21
4.2238476953907815,2.2159979315246742e-13,8.471092788119225e-22
4.228256513026052,1.0900077584231408e-12,1.5531693234963335e-22
4.232665330661323,5.13124969012515e-12,3.059678856587653e-22
4.2370741482965935,2.3117987677452835e-11,2.1435092473641507e-21
4.241482965931864,9.968050468520989e-11,1.5158268683723504e-20
4.245891783567135,4.1134265702520174e-10,1.0292897852308936e-19
4.2503006012024045,1.6245406781653121e-09,6.705225177462639e-19
4.254709418837676,6.140316432915371e-09,4.190661128124493e-18
4.259118236472946,2.2211824589855312e-08,2.5128018121538137e-17
4.263527054108216,7.689729063705569e-08,1.4456202439473408e-16
4.267935871743488,2.547834195493879e-07,7.979669948469934e-16
4.272344689378758,8.079130189849522e-07,4.2263502361202035e-15
4.276753507014028,2.4518357408916864e-06,2.147888600081313e-14
4.281162324649299,7.121171698006374e-06,1.0474671009126579e-13
4.285571142284569,1.9794514911746498e-05,4.901950279462601e-13
4.28997995991984,5.2658876630297456e-05,2.20148482530695e-12
4.294388777555111,0.00013407000866316575,9.488556895522308e-12
4.298797595190381,0.0003266818492936313,3.925028021819367e-11
4.303206412825651,0.0007618188141317628,1.5583502717380316e-10
4.307615230460922,0.0017002457701001989,5.938680637177424e-10
4.312024048096193,0.0036316587471433067,2.172409236895286e-09
4.316432865731463,0.007423892646456844,7.6286166589517e-09
4.320841683366734,0.01452418105314987,2.5717560283953526e-08
4.325250501002004,0.02719474216094776,8.323820664395472e-08
4.329659318637274,0.048731699513777996,2.586757928872415e-07
4.3340681362725455,0.08357405802798928,7.71902351538134e-07
4.338476953907816,0.1371717703114364,2.211965211729027e-06
4.342885771543086,0.21547223551029826,6.0875451791821725e-06
4.347294589178357,0.3239300305106576,1.609147338734715e-05
4.351703406813628,0.4660627860349337,4.0858683354190956e-05
4.356112224448898,0.6417575144708766,9.966830095368163e-05
4.3605210420841685,0.8457282134070474,0.00023359715212978744
4.364929859719439,1.0666550545301725,0.0005261076292080606
4.36933867735471,1.2875096508917803,0.0011387877674933092
4.37374749498998,1.4873401824112409,0.002369426972416867
4.378156312625251,1.6443847851243967,0.004739745186780743
4.382565130260521,1.7399225193391867,0.009117279646670738
4.386973947895791,1.761934215983208,0.016868311620346004
4.391382765531063,1.707586811954376,0.03002498899174611
4.395791583166333,1.5838323941075958,0.051430513891725135
4.400200400801603,1.40594714834842,0.08480516615209827
4.404609218436874,1.1944340683147454,0.13466061828188097
4.409018036072144,0.971156108816755,0.20599083735330928
4.413426853707415,0.7557020651981904,0.3036946108090536
4.417835671342686,0.5627957574550269,0.4317412503870891
4.422244488977956,0.40114825291949757,0.5921702086391396
4.426653306613227,0.27369809297256814,0.7840971613542317
4.4310621242484975,0.17884584811366594,1.0029545380340288
4.435470941883768,0.11215081483219033,1.240195526859061
4.439879759519038,0.06801175058939499,1.483623176648345
4.444288577154309,0.041027501654625334,1.7183798879256742
4.44869739478958,0.026934593344428787,1.9284808404326346
4.45310621242485,0.023173585992801088,2.098644262414592
4.4575150300601205,0.029207502319459698,2.216102997289888
4.461923847695391,0.04670230186449222,2.2720940956653926
4.466332665330661,0.07960311959108589,2.2628052203128886
4.470741482965932,0.13403532968730994,2.189675145350471
4.475150300601203,0.21786792095765586,2.0590617190787763
4.479559118236473,0.339743103744727,1.8813772228801868
4.4839679358717435,0.5074407955372466,1.6698408906947402
4.488376753507014,0.7256284469035756,1.4390200921634617
4.492785571142285,0.9933212244278202,1.2033379318332773
4.497194388777555,1.3016640492601435,0.9757214340480516
4.501603206412826,1.6328194903740927,0.7665468684522323
4.506012024048097,1.9606772081332382,0.5829990425346638
4.510420841683366,2.2537297648017844,0.4288972069943584
4.514829659318638,2.47984578460752,0.30496102957227794
4.519238476953908,2.6120042977966156,0.20941533007544597
4.523647294589178,2.6335935229766654,0.13878297454096394
4.52805611222445,2.5418416221164994,0.08870444004845278
4.532464929859719,2.3484013524723335,0.05464947477729603
4.53687374749499,2.0769183967056137,0.032438123834783984
4.541282565130261,1.758283812884263,0.018546543557972896
4.545691382765531,1.4248858970416478,0.0102208586272152
4.550100200400802,1.1053297823299773,0.005450484272323244
4.5545090180360726,0.8207736696366862,0.0028599297176774324
4.558917835671343,0.5834098872142603,0.0015703391023464835
4.563326653306614,0.3969556838403422,0.001066512396331801
4.567735470941884,0.2585396535994886,0.0010886224420261137
4.572144288577155,0.1611863305244873,0.0015545070729123213
4.576553106212425,0.09619315229684305,0.0025098150461248477
4.5809619238476955,0.05495079603989517,0.004099136229156131
4.585370741482967,0.03004807599184324,0.0065504477780431985
4.589779559118236,0.015727915034240102,0.010166550748228786
4.594188376753507,0.007880184556189792,0.015319604997260424
4.598597194388778,0.003779299480426614,0.022447454595910743
4.603006012024048,0.0017349814586490751,0.032052249542652095
4.607414829659319,0.0007624052872739333,0.04470208998759564
4.611823647294589,0.0003206885150463337,0.06103462579555235
4.61623246492986,0.00012911784503176897,0.08175807479736578
4.62064128256513,4.976149195761278e-05,0.10764119253302414
4.625050100200401,1.8357083439752477e-05,0.13948109473453443
4.629458917835672,6.4821046518749115e-06,0.17803808912427924
4.633867735470942,2.1909343480281746e-06,0.2239305131706833
4.638276553106213,7.088307694864338e-07,0.2774895666844398
4.642685370741484,2.1951011377225134e-07,0.3385831368177246
4.647094188376753,6.506751046572688e-08,0.406427546225295
4.651503006012025,1.8461646826264315e-08,0.4794163096413684
4.655911823647295,5.013859881128287e-09,0.5550044678331655
4.660320641282565,1.3033719563827686e-09,0.629693576293098
4.6647294589178365,3.2430817919724556e-10,0.6991615105506008
4.669138276553106,7.723954603757671e-11,0.7585673635579401
4.673547094188377,1.760811000915328e-11,0.8030313452148653
4.677955911823648,3.842164356909243e-12,0.8282451748582973
4.682364729458918,8.024689829202956e-13,0.8311204610055901
4.686773547094189,1.6042374670565343e-13,0.8103476488109083
4.691182364729459,3.0697012578039336e-14,0.766733048254186
4.69559118236473,5.6222429611426255e-15,0.7032151916371787
4.7,9.856168976947985e-16,0.6245296901725077
